Date,Open,High,Low,Close,Volume
22-Aug-14,28.86,29.00,28.53,28.97,813168
21-Aug-14,28.41,29.17,28.30,28.95,1835603
20-Aug-14,27.91,28.39,27.84,28.35,640755
19-Aug-14,28.12,28.29,27.92,28.07,478753
18-Aug-14,27.36,28.06,27.36,28.01,860327
15-Aug-14,27.21,27.27,26.91,27.20,576527
14-Aug-14,26.97,27.10,26.74,26.97,440852
13-Aug-14,27.07,27.32,26.86,26.93,391342
12-Aug-14,26.47,27.03,26.40,26.93,2121415
11-Aug-14,27.70,27.72,27.30,27.34,560572
8-Aug-14,27.02,27.50,26.80,27.46,491751
7-Aug-14,27.00,28.53,26.88,26.99,1503879
6-Aug-14,26.31,26.53,26.22,26.47,1010799
5-Aug-14,26.53,26.88,26.32,26.57,444283
4-Aug-14,26.65,27.16,26.50,26.69,1035991
1-Aug-14,26.80,27.00,26.47,26.49,544146
31-Jul-14,27.38,27.57,26.88,26.91,502400
30-Jul-14,27.74,27.90,27.63,27.88,389264
29-Jul-14,27.80,27.84,27.39,27.55,411031
28-Jul-14,28.34,28.46,27.56,27.81,648552
25-Jul-14,28.44,28.71,28.25,28.42,392606
24-Jul-14,28.93,29.25,28.59,28.76,292562
23-Jul-14,29.14,29.29,28.91,28.97,322585
22-Jul-14,29.19,29.34,28.99,29.10,350366
21-Jul-14,28.88,29.25,28.88,29.09,485690
18-Jul-14,28.63,29.23,28.63,29.13,622537
17-Jul-14,28.90,29.18,28.66,28.67,565208
16-Jul-14,29.32,29.39,28.99,29.22,451623
15-Jul-14,29.34,29.50,29.13,29.23,854037
14-Jul-14,29.62,29.72,29.24,29.29,872773
11-Jul-14,29.24,29.31,29.15,29.27,644970
10-Jul-14,29.02,29.32,28.57,29.20,629601
9-Jul-14,28.94,29.18,28.90,29.02,798542
8-Jul-14,28.77,28.86,28.66,28.80,925861
7-Jul-14,28.62,28.81,28.40,28.78,507290
3-Jul-14,28.60,28.89,28.45,28.85,211176
2-Jul-14,28.58,29.15,28.33,28.54,1012658
1-Jul-14,28.34,28.94,28.28,28.64,978808
30-Jun-14,28.47,28.47,27.96,28.15,786047
27-Jun-14,28.55,28.86,28.41,28.41,4711952
26-Jun-14,28.59,28.72,28.03,28.59,518839
25-Jun-14,28.05,28.70,27.96,28.52,734848
24-Jun-14,28.39,28.93,28.06,28.15,743767
23-Jun-14,28.82,28.96,28.29,28.34,794462
20-Jun-14,28.77,28.88,28.31,28.70,1331951
19-Jun-14,28.91,28.98,28.52,28.74,556390
18-Jun-14,28.79,28.89,28.40,28.80,631859
17-Jun-14,28.61,29.08,28.51,28.75,671732
16-Jun-14,28.35,28.77,28.15,28.67,797514
13-Jun-14,28.29,28.52,27.91,28.40,399740
12-Jun-14,28.74,28.86,28.12,28.20,896635
11-Jun-14,28.83,29.05,28.58,28.88,868701
10-Jun-14,28.83,29.25,28.72,28.92,774477
9-Jun-14,28.61,29.21,28.52,28.91,1085926
6-Jun-14,28.47,28.90,28.32,28.56,1300637
5-Jun-14,27.12,28.30,27.04,28.22,1364905
4-Jun-14,26.66,27.30,26.49,27.14,2394412
3-Jun-14,25.58,26.01,25.17,25.85,1351779
2-Jun-14,25.87,25.95,25.30,25.67,1183718
30-May-14,25.40,25.75,25.30,25.57,1463124
29-May-14,25.45,25.60,25.08,25.40,8837404
28-May-14,26.70,27.18,26.09,26.18,947722
27-May-14,27.35,28.51,27.25,27.91,440119
23-May-14,25.89,27.66,25.89,27.26,531826
22-May-14,26.01,26.38,25.25,25.72,1063912
21-May-14,26.94,27.07,26.55,26.60,361361
20-May-14,27.26,27.26,26.59,26.92,200293
19-May-14,26.72,27.73,26.70,27.31,151367
16-May-14,26.64,26.97,26.45,26.96,108733
15-May-14,26.75,26.89,26.17,26.71,198608
14-May-14,27.50,27.55,26.66,26.85,238527
13-May-14,27.82,27.88,27.34,27.52,232061
12-May-14,26.74,27.88,26.48,27.77,235221
9-May-14,26.63,26.82,26.11,26.52,223682
8-May-14,27.41,27.62,26.56,26.78,165060
7-May-14,27.21,27.51,26.84,27.38,338227
6-May-14,27.32,27.75,27.10,27.15,535113
5-May-14,27.30,27.91,27.07,27.35,248686
2-May-14,26.63,27.73,26.60,27.40,259828
1-May-14,26.64,26.81,26.20,26.54,273946
30-Apr-14,26.60,26.76,26.29,26.74,232911
29-Apr-14,26.98,27.06,26.40,26.62,144107
28-Apr-14,26.73,27.12,26.27,26.82,228752
25-Apr-14,27.09,27.14,26.30,26.52,286815
24-Apr-14,27.77,27.77,27.02,27.28,228507
23-Apr-14,27.41,27.64,26.99,27.50,499178
22-Apr-14,27.93,28.27,27.82,28.24,116501
21-Apr-14,27.81,27.92,27.46,27.83,98644
17-Apr-14,27.44,28.13,27.32,27.82,148334
16-Apr-14,27.21,27.49,27.06,27.41,126988
15-Apr-14,26.91,27.11,26.34,26.95,182076
14-Apr-14,27.03,27.10,26.24,26.86,318849
11-Apr-14,27.09,27.23,26.52,26.69,261167
10-Apr-14,28.44,28.44,27.26,27.37,314330
9-Apr-14,27.92,28.48,27.83,28.48,163430
8-Apr-14,27.96,28.11,26.83,27.74,420794
7-Apr-14,28.57,28.67,27.54,27.96,362444
4-Apr-14,29.85,30.05,28.47,28.69,295143
3-Apr-14,29.73,29.98,29.27,29.56,181143
2-Apr-14,29.17,30.25,29.12,29.76,424995
1-Apr-14,29.10,29.46,29.00,29.08,327997
31-Mar-14,28.83,29.27,28.60,28.98,235816
28-Mar-14,28.55,28.76,28.27,28.48,143441
27-Mar-14,28.71,28.99,28.33,28.48,245332
26-Mar-14,29.75,29.75,28.83,28.88,364372
25-Mar-14,28.95,29.53,28.84,29.45,337421
24-Mar-14,29.66,29.79,28.38,28.76,278486
21-Mar-14,29.25,29.69,29.13,29.59,548319
20-Mar-14,29.25,29.26,28.83,29.09,185973
19-Mar-14,29.27,29.38,28.95,29.15,246360
18-Mar-14,29.08,29.41,29.02,29.29,159325
17-Mar-14,28.66,29.10,28.54,29.01,301526
14-Mar-14,28.85,29.16,28.33,28.40,509570
13-Mar-14,29.71,29.75,28.54,28.82,368331
12-Mar-14,29.63,29.79,28.97,29.63,522654
11-Mar-14,30.59,30.73,29.60,29.76,229164
10-Mar-14,30.82,30.89,30.09,30.58,418297
7-Mar-14,30.56,30.94,30.44,30.82,385833
6-Mar-14,30.07,30.75,30.07,30.27,568657
5-Mar-14,30.04,30.23,29.69,29.80,280657
4-Mar-14,29.64,30.15,29.54,29.97,491712
3-Mar-14,29.70,29.75,29.14,29.17,405983
28-Feb-14,29.89,30.32,29.70,29.99,326469
27-Feb-14,29.39,29.90,29.37,29.77,276822
26-Feb-14,29.36,29.53,29.08,29.32,387693
25-Feb-14,29.26,29.75,29.00,29.25,293578
24-Feb-14,29.20,29.73,29.05,29.14,459093
21-Feb-14,29.04,29.32,28.73,28.86,210397
20-Feb-14,28.55,28.99,28.44,28.93,274708
19-Feb-14,28.90,28.99,28.39,28.47,303651
18-Feb-14,28.85,29.39,28.76,28.93,492555
14-Feb-14,28.29,28.69,28.05,28.49,664796
13-Feb-14,27.74,28.50,27.56,28.28,279483
12-Feb-14,27.85,27.93,27.61,27.89,413540
11-Feb-14,27.83,28.15,27.56,27.84,328159
10-Feb-14,27.39,27.78,26.75,27.77,369495
7-Feb-14,26.88,27.80,26.65,27.27,589056
6-Feb-14,26.02,26.98,26.02,26.79,464569
5-Feb-14,26.00,26.24,25.88,26.02,435648
4-Feb-14,25.87,26.15,25.75,26.00,404384
3-Feb-14,25.98,26.42,25.77,25.83,1035879
31-Jan-14,26.56,27.50,25.94,25.98,4894312
30-Jan-14,26.56,26.83,26.11,26.30,1026868
29-Jan-14,26.49,26.53,25.50,26.46,740417
28-Jan-14,27.61,27.71,27.12,27.42,548753
27-Jan-14,27.76,27.94,27.20,27.64,533698
24-Jan-14,28.50,28.50,27.12,27.72,534217
23-Jan-14,28.69,28.69,28.27,28.59,179687
22-Jan-14,28.69,28.75,28.47,28.73,103356
21-Jan-14,28.73,28.75,28.31,28.63,182196
17-Jan-14,28.21,28.68,27.98,28.61,310849
16-Jan-14,28.12,28.61,27.94,28.23,156085
15-Jan-14,28.11,28.24,27.87,28.08,84625
14-Jan-14,27.46,28.07,27.10,27.99,169942
13-Jan-14,27.69,27.72,27.10,27.26,132422
10-Jan-14,27.92,27.92,27.16,27.66,118879
9-Jan-14,27.89,28.29,27.38,27.84,84537
8-Jan-14,28.56,28.57,27.55,27.78,222059
7-Jan-14,28.57,28.66,28.28,28.49,308455
6-Jan-14,28.57,29.29,28.33,28.36,724329
3-Jan-14,27.07,27.50,27.07,27.45,146731
2-Jan-14,26.85,27.12,26.77,27.12,201248
31-Dec-13,26.84,27.10,26.73,27.01,93211
30-Dec-13,26.69,26.74,26.28,26.71,89467
27-Dec-13,26.82,26.93,26.63,26.75,60721
26-Dec-13,26.93,26.95,26.57,26.69,82481
24-Dec-13,26.64,26.85,26.63,26.77,38633
23-Dec-13,26.36,26.58,26.08,26.53,148020
20-Dec-13,25.71,26.33,25.62,26.16,382053
19-Dec-13,25.50,25.67,25.37,25.59,162781
18-Dec-13,25.11,25.84,25.05,25.50,221851
17-Dec-13,25.01,25.16,24.65,25.01,95293
16-Dec-13,24.92,25.31,24.75,24.95,343351
13-Dec-13,24.15,25.52,24.15,24.84,285688
12-Dec-13,24.45,24.45,23.86,24.06,259274
11-Dec-13,25.47,25.47,24.25,24.38,260452
10-Dec-13,25.20,25.50,25.20,25.41,262682
9-Dec-13,25.00,25.20,24.91,25.19,144340
6-Dec-13,24.52,24.95,24.26,24.91,428145
5-Dec-13,24.03,24.66,23.98,24.28,188277
4-Dec-13,23.97,24.32,23.82,24.01,217738
3-Dec-13,23.60,24.19,23.59,23.99,416936
2-Dec-13,24.25,24.25,23.51,23.63,189430
29-Nov-13,24.50,24.50,24.11,24.31,190301
27-Nov-13,24.38,24.49,24.33,24.44,155294
26-Nov-13,24.36,24.40,24.17,24.33,141266
25-Nov-13,24.50,24.50,24.16,24.26,92144
22-Nov-13,24.11,24.40,23.94,24.35,163173
21-Nov-13,23.97,24.44,23.77,24.04,104233
20-Nov-13,24.01,24.16,23.61,23.85,82932
19-Nov-13,24.03,24.22,23.83,23.98,73935
18-Nov-13,24.10,24.57,24.00,24.06,177503
15-Nov-13,23.81,24.24,23.50,24.03,86841
14-Nov-13,23.74,24.67,23.70,23.84,264191
13-Nov-13,23.27,23.90,23.27,23.80,137664
12-Nov-13,23.24,23.50,23.18,23.40,104511
11-Nov-13,23.21,23.32,23.03,23.25,100525
8-Nov-13,23.34,23.44,22.93,23.27,156867
7-Nov-13,23.57,23.75,23.12,23.25,282750
6-Nov-13,23.46,23.55,23.15,23.50,69487
5-Nov-13,23.29,23.47,22.97,23.31,78054
4-Nov-13,23.19,23.45,23.06,23.40,84371
1-Nov-13,23.50,23.57,22.93,23.06,504817
31-Oct-13,23.10,23.67,22.62,23.52,245442
30-Oct-13,23.38,23.42,22.92,23.03,207205
29-Oct-13,22.58,23.31,22.58,23.30,220810
28-Oct-13,22.00,22.60,21.86,22.60,252678
25-Oct-13,22.54,22.54,21.87,21.94,167537
24-Oct-13,22.40,22.69,22.06,22.45,315396
23-Oct-13,21.23,21.63,21.23,21.36,118206
22-Oct-13,22.26,22.26,21.19,21.39,121897
21-Oct-13,21.50,22.24,21.50,22.18,187199
18-Oct-13,21.10,21.91,21.00,21.46,176905
17-Oct-13,20.50,20.92,20.50,20.92,94849
16-Oct-13,20.48,20.87,19.80,20.80,208779
15-Oct-13,20.94,20.98,20.41,20.44,169038
14-Oct-13,21.35,21.43,20.76,21.04,335040
11-Oct-13,20.57,21.50,20.56,21.50,104405
10-Oct-13,20.60,21.17,20.57,21.17,115290
9-Oct-13,20.12,20.38,19.88,20.33,68157
8-Oct-13,20.46,20.72,19.73,20.04,121988
7-Oct-13,20.75,20.75,20.15,20.40,147459
4-Oct-13,20.34,20.81,20.34,20.81,44339
3-Oct-13,20.88,20.92,20.21,20.40,279249
2-Oct-13,20.40,20.89,19.79,20.85,228020
1-Oct-13,20.85,20.91,20.29,20.48,122900
30-Sep-13,20.71,20.83,20.42,20.80,107974
27-Sep-13,20.50,20.97,20.48,20.85,77254
26-Sep-13,20.61,20.87,20.25,20.66,197049
25-Sep-13,20.60,20.91,20.40,20.77,77727
24-Sep-13,20.21,20.65,20.01,20.56,104381
23-Sep-13,20.13,20.22,19.72,20.14,258180
20-Sep-13,20.28,20.45,19.90,20.04,280687
19-Sep-13,20.50,20.54,19.95,20.14,160457
18-Sep-13,19.97,20.45,19.86,20.44,109047
17-Sep-13,19.93,20.44,19.89,20.00,162203
16-Sep-13,20.09,20.15,19.83,19.92,57455
13-Sep-13,20.00,20.00,19.61,19.92,51091
12-Sep-13,19.71,19.96,19.70,19.88,71936
11-Sep-13,19.94,19.94,19.59,19.63,57551
10-Sep-13,19.55,20.06,19.54,20.01,124826
9-Sep-13,19.14,19.48,18.99,19.48,96411
6-Sep-13,19.32,19.50,18.70,19.08,108178
5-Sep-13,19.39,19.40,19.00,19.20,81986
4-Sep-13,19.11,19.34,18.97,19.32,143504
3-Sep-13,19.40,19.67,18.82,19.07,139863
30-Aug-13,19.20,19.47,19.07,19.19,122755
29-Aug-13,18.67,19.46,18.65,19.22,106386
28-Aug-13,19.24,19.24,18.54,18.63,117235
27-Aug-13,19.78,19.80,19.28,19.29,126476
26-Aug-13,19.93,20.08,19.68,20.03,180963
23-Aug-13,19.49,19.88,19.16,19.86,177715
22-Aug-13,19.37,19.64,19.37,19.50,199565
21-Aug-13,18.69,19.58,18.40,19.28,218522
20-Aug-13,18.49,18.88,18.24,18.76,121898
19-Aug-13,18.78,19.00,18.39,18.50,142964
16-Aug-13,18.54,19.03,18.44,18.85,177743
15-Aug-13,19.45,19.51,18.62,18.62,186069
14-Aug-13,19.00,20.05,19.00,19.60,348243
13-Aug-13,18.75,19.10,18.64,19.02,149717
12-Aug-13,18.72,18.88,18.54,18.79,84626
9-Aug-13,18.83,19.06,18.78,18.84,215629
8-Aug-13,18.47,19.18,18.30,18.89,203651
7-Aug-13,18.57,18.57,18.21,18.33,168884
6-Aug-13,18.67,18.88,18.51,18.63,64268
5-Aug-13,18.67,18.84,18.52,18.68,102574
2-Aug-13,18.49,18.74,18.49,18.68,91143
1-Aug-13,19.13,19.38,18.78,18.84,298667
31-Jul-13,18.38,19.09,18.08,18.97,372753
30-Jul-13,18.41,18.68,18.04,18.30,225891
29-Jul-13,18.06,18.35,18.05,18.29,111430
26-Jul-13,18.60,18.67,17.83,18.05,175915
25-Jul-13,18.67,18.77,18.56,18.71,116828
24-Jul-13,18.93,18.93,18.45,18.67,85636
23-Jul-13,18.81,18.99,18.72,18.80,110576
22-Jul-13,18.79,18.93,18.71,18.79,222923
19-Jul-13,18.81,18.82,18.54,18.79,161841
18-Jul-13,18.95,19.16,18.78,18.89,102611
17-Jul-13,19.07,19.16,18.90,18.95,134357
16-Jul-13,18.79,19.19,18.71,19.02,332851
15-Jul-13,18.95,19.08,18.80,18.81,110276
12-Jul-13,18.75,18.99,18.68,18.99,171103
11-Jul-13,18.53,18.86,18.52,18.79,170243
10-Jul-13,17.92,18.46,17.69,18.37,228067
9-Jul-13,17.96,18.30,17.80,17.97,139229
8-Jul-13,18.16,18.23,17.74,17.91,196336
5-Jul-13,17.54,18.11,17.50,18.08,246033
3-Jul-13,17.40,17.40,17.10,17.34,61425
2-Jul-13,17.63,17.75,17.29,17.61,223925
1-Jul-13,17.17,17.81,17.05,17.65,239672
28-Jun-13,17.37,17.49,16.83,16.85,1066491
27-Jun-13,17.20,17.52,17.08,17.47,169313
26-Jun-13,17.08,17.16,16.79,17.09,331178
25-Jun-13,16.77,17.18,16.65,16.98,382375
24-Jun-13,16.90,16.93,16.25,16.66,439286
21-Jun-13,16.67,17.85,16.39,17.12,3012210
20-Jun-13,16.22,16.35,15.88,16.17,809913
19-Jun-13,16.69,16.69,16.30,16.40,491944
18-Jun-13,16.70,16.83,16.52,16.75,464379
17-Jun-13,17.44,17.63,16.46,16.62,898050
14-Jun-13,18.21,18.25,17.90,17.92,112937
13-Jun-13,18.75,18.75,18.04,18.20,237981
12-Jun-13,18.93,19.00,18.74,18.81,102467
11-Jun-13,19.18,19.19,18.82,18.85,90054
10-Jun-13,19.68,19.78,19.09,19.36,101770
7-Jun-13,19.30,19.69,19.09,19.61,118674
6-Jun-13,18.99,19.24,18.83,19.18,138149
5-Jun-13,19.43,19.73,18.98,19.02,184993
4-Jun-13,19.11,19.62,18.95,19.48,134458
3-Jun-13,19.94,19.94,18.89,19.14,356987
31-May-13,19.68,20.30,19.64,19.94,122718
30-May-13,19.53,19.80,19.44,19.80,68549
29-May-13,19.52,19.80,19.43,19.47,69835
28-May-13,19.14,19.89,18.97,19.59,489156
24-May-13,18.92,19.04,18.80,19.04,207181
23-May-13,18.69,19.05,18.63,19.00,97478
22-May-13,19.02,19.57,18.69,18.80,456940
21-May-13,17.79,19.12,17.79,19.03,705634
20-May-13,17.94,18.05,17.82,17.83,629163
17-May-13,18.00,18.06,17.93,18.01,171346
16-May-13,18.14,18.20,17.90,17.99,195595
15-May-13,17.38,18.16,17.24,18.14,877114
14-May-13,17.23,17.52,17.16,17.51,657279
13-May-13,17.46,17.54,17.21,17.30,305289
10-May-13,17.18,17.61,17.16,17.45,592317
9-May-13,17.10,17.30,17.06,17.11,376860
8-May-13,17.20,17.40,17.03,17.09,580395
7-May-13,17.34,17.44,17.14,17.19,250860
6-May-13,17.34,17.52,17.20,17.32,131301
3-May-13,17.46,17.60,17.27,17.30,153776
2-May-13,17.44,17.70,17.25,17.34,196230
1-May-13,18.20,18.20,17.68,17.69,156841
30-Apr-13,18.15,18.42,18.00,18.22,305139
29-Apr-13,18.24,18.35,18.09,18.13,135712
26-Apr-13,18.11,18.13,17.94,18.10,143383
25-Apr-13,18.35,18.58,18.13,18.16,130186
24-Apr-13,18.25,18.71,18.12,18.18,164081
23-Apr-13,18.11,18.35,18.11,18.22,118319
22-Apr-13,18.00,18.05,17.75,17.97,139733
19-Apr-13,17.76,18.01,17.70,17.94,139048
18-Apr-13,18.04,18.05,17.62,17.73,191803
17-Apr-13,18.33,18.40,17.78,17.96,171936
16-Apr-13,18.43,18.43,18.26,18.35,104377
15-Apr-13,18.96,19.08,18.22,18.23,216886
12-Apr-13,18.93,19.14,18.84,19.06,114121
11-Apr-13,19.03,19.14,18.90,19.00,113139
10-Apr-13,19.51,19.69,18.78,18.99,379220
9-Apr-13,20.01,20.01,19.76,19.76,213277
8-Apr-13,20.07,20.12,19.81,19.90,152483
5-Apr-13,20.06,20.20,19.86,19.98,70099
4-Apr-13,20.68,20.71,20.31,20.43,94461
3-Apr-13,20.88,21.06,20.42,20.63,380131
2-Apr-13,20.68,20.90,20.49,20.78,287203
1-Apr-13,21.20,21.21,20.35,20.50,180480
28-Mar-13,21.48,21.48,21.18,21.23,96471
27-Mar-13,21.52,21.55,21.28,21.43,103676
26-Mar-13,21.80,21.85,21.58,21.66,180580
25-Mar-13,21.99,22.15,21.47,21.64,500060
22-Mar-13,21.55,22.00,21.55,21.99,108266
21-Mar-13,21.35,21.59,21.25,21.42,134727
20-Mar-13,21.36,21.58,21.26,21.40,114866
19-Mar-13,21.48,21.61,21.01,21.25,76433
18-Mar-13,21.10,21.75,21.10,21.40,445530
15-Mar-13,21.40,21.40,21.15,21.32,247299
14-Mar-13,21.26,21.54,21.22,21.37,99877
13-Mar-13,21.07,21.24,20.89,21.16,102537
12-Mar-13,21.29,21.34,21.02,21.10,136217
11-Mar-13,21.73,21.97,21.21,21.28,238748
8-Mar-13,21.56,21.96,21.56,21.84,168434
7-Mar-13,21.03,21.40,20.94,21.34,131813
6-Mar-13,20.71,21.26,20.67,20.96,100784
5-Mar-13,20.40,20.91,20.19,20.58,526974
4-Mar-13,20.28,20.29,20.12,20.27,123132
1-Mar-13,20.18,20.36,20.07,20.30,93083
28-Feb-13,20.29,20.51,20.29,20.37,89649
27-Feb-13,20.14,20.50,20.10,20.31,179532
26-Feb-13,20.30,20.44,20.03,20.18,105346
25-Feb-13,20.53,20.53,20.25,20.25,110352
22-Feb-13,20.36,20.54,20.34,20.50,115450
21-Feb-13,20.39,20.47,20.13,20.21,87483
20-Feb-13,20.22,20.51,20.14,20.38,245293
19-Feb-13,20.44,20.50,20.06,20.18,190323
15-Feb-13,20.44,20.58,20.37,20.45,270270
14-Feb-13,20.25,20.50,20.22,20.35,226100
13-Feb-13,20.81,21.06,19.94,20.30,843111
12-Feb-13,22.45,22.45,20.75,21.00,826204
11-Feb-13,20.29,20.29,19.80,20.21,322841
8-Feb-13,20.21,20.43,20.17,20.29,60437
7-Feb-13,19.84,20.23,19.71,20.20,107938
6-Feb-13,19.82,20.45,19.82,20.33,73406
5-Feb-13,19.58,20.03,19.53,19.94,126314
4-Feb-13,19.82,19.90,19.28,19.43,118049
1-Feb-13,20.00,20.10,19.89,20.00,207345
31-Jan-13,20.02,20.02,19.81,19.98,162883
30-Jan-13,20.70,20.70,19.97,20.00,142829
29-Jan-13,20.94,20.94,20.59,20.71,173399
28-Jan-13,20.58,21.06,20.54,21.00,209257
25-Jan-13,20.00,20.71,19.92,20.58,241330
24-Jan-13,19.85,20.03,19.84,20.00,158687
23-Jan-13,20.10,20.20,19.91,19.99,368064
22-Jan-13,19.78,20.16,19.78,20.16,246203
18-Jan-13,19.76,19.94,19.65,19.81,254314
17-Jan-13,19.82,19.99,19.64,19.80,203597
16-Jan-13,19.66,19.94,19.59,19.84,346406
15-Jan-13,19.26,19.83,19.26,19.75,402247
14-Jan-13,19.88,19.97,19.20,19.39,179148
11-Jan-13,19.96,20.01,19.77,20.00,321846
10-Jan-13,20.11,20.11,19.79,19.94,147413
9-Jan-13,20.04,20.19,19.97,20.00,415489
8-Jan-13,20.36,20.47,19.91,19.96,148140
7-Jan-13,20.09,20.50,19.63,20.43,360704
4-Jan-13,21.41,21.73,21.08,21.18,240035
3-Jan-13,21.71,21.76,21.20,21.28,187476
2-Jan-13,21.80,21.80,21.52,21.72,250838
31-Dec-12,20.90,21.59,20.90,21.30,174685
28-Dec-12,20.76,21.49,20.70,20.88,184150
27-Dec-12,21.16,21.16,20.74,20.89,154020
26-Dec-12,21.21,21.42,21.11,21.20,108910
24-Dec-12,21.37,21.37,21.14,21.23,34690
21-Dec-12,21.13,21.49,21.01,21.47,507653
20-Dec-12,21.10,21.45,20.95,21.25,107441
19-Dec-12,21.19,21.20,20.95,21.02,132188
18-Dec-12,21.16,21.26,20.94,21.20,134514
17-Dec-12,20.97,21.16,20.64,21.10,128252
14-Dec-12,20.85,21.18,20.69,20.94,228670
13-Dec-12,21.41,21.55,20.34,20.94,367109
12-Dec-12,21.84,21.84,21.31,21.37,133014
11-Dec-12,21.86,21.86,21.13,21.70,470280
10-Dec-12,21.62,21.90,21.35,21.78,408496
7-Dec-12,21.66,21.82,21.51,21.70,295088
6-Dec-12,21.61,21.77,21.32,21.59,232826
5-Dec-12,21.58,21.80,21.32,21.67,390371
4-Dec-12,21.59,21.76,21.38,21.55,315582
3-Dec-12,21.54,21.90,21.34,21.56,497140
30-Nov-12,21.62,21.71,21.09,21.38,2611477
29-Nov-12,21.25,21.66,20.60,21.62,558320
28-Nov-12,20.60,21.50,20.58,21.12,760903
27-Nov-12,20.76,20.76,19.88,20.69,724475
26-Nov-12,20.64,20.75,20.36,20.75,207482
23-Nov-12,20.25,20.83,19.91,20.76,209074
21-Nov-12,19.78,20.28,19.71,20.16,445721
20-Nov-12,19.76,20.00,19.50,19.76,320809
19-Nov-12,19.79,20.12,19.00,19.86,653458
16-Nov-12,18.79,19.03,18.62,19.01,326784
15-Nov-12,18.94,19.16,18.55,18.84,608231
14-Nov-12,18.84,18.85,18.49,18.69,294250
13-Nov-12,18.42,18.90,18.29,18.80,371065
12-Nov-12,17.96,18.59,17.93,18.50,179751
9-Nov-12,18.14,18.55,17.86,17.95,210640
8-Nov-12,18.48,18.71,17.98,18.20,140010
7-Nov-12,17.65,18.90,17.65,18.45,665520
6-Nov-12,17.95,17.98,17.59,17.92,97266
5-Nov-12,17.83,17.97,17.50,17.90,86123
2-Nov-12,18.57,18.57,17.75,17.78,59944
1-Nov-12,18.20,18.90,18.20,18.34,155462
31-Oct-12,17.49,18.22,17.41,18.12,76330
26-Oct-12,17.04,17.55,17.04,17.48,96786
25-Oct-12,16.88,17.09,16.80,17.04,316796
24-Oct-12,16.75,16.92,16.62,16.78,92575
23-Oct-12,16.62,16.75,16.56,16.65,93263
22-Oct-12,16.85,16.95,16.65,16.82,120483
19-Oct-12,17.37,17.37,16.38,16.89,167295
18-Oct-12,17.53,17.55,17.29,17.48,149145
17-Oct-12,17.46,17.77,17.46,17.59,165161
16-Oct-12,17.07,17.52,17.00,17.48,236900
15-Oct-12,16.85,17.11,16.85,16.97,118015
12-Oct-12,17.29,17.29,16.70,16.79,223850
11-Oct-12,17.02,17.69,17.02,17.52,228248
10-Oct-12,16.86,17.14,16.78,16.89,374284
9-Oct-12,16.98,17.10,16.70,16.85,299134
8-Oct-12,17.50,17.50,16.77,17.00,280702
5-Oct-12,18.00,18.43,17.43,17.54,189821
4-Oct-12,18.25,18.25,17.80,17.88,530171
3-Oct-12,18.29,18.33,18.10,18.18,143160
2-Oct-12,18.25,18.39,18.15,18.25,258714
1-Oct-12,18.30,18.36,17.98,18.24,296046
28-Sep-12,18.17,18.48,18.12,18.22,593807
27-Sep-12,18.30,18.63,18.22,18.26,337391
26-Sep-12,18.28,18.49,18.15,18.21,158225
25-Sep-12,18.56,18.97,18.21,18.25,281666
24-Sep-12,18.69,18.91,18.43,18.45,313799
21-Sep-12,18.97,19.00,18.66,18.80,318186
20-Sep-12,18.70,18.80,18.34,18.77,128617
19-Sep-12,18.75,18.93,18.67,18.84,140395
18-Sep-12,18.21,18.77,18.19,18.76,95375
17-Sep-12,18.14,18.17,17.90,18.15,108436
14-Sep-12,17.84,18.35,17.79,18.32,178385
13-Sep-12,17.53,17.82,17.43,17.80,127019
12-Sep-12,17.08,17.59,17.02,17.55,152492
11-Sep-12,16.46,17.18,16.46,17.01,165291
10-Sep-12,16.24,16.47,16.20,16.43,322297
7-Sep-12,16.17,16.30,16.10,16.27,146849
6-Sep-12,15.61,16.22,15.38,16.17,173588
5-Sep-12,15.69,15.80,15.26,15.48,213139
4-Sep-12,15.16,15.91,15.05,15.70,238922
31-Aug-12,15.12,15.19,15.00,15.05,66125
30-Aug-12,15.13,15.43,15.00,15.03,151087
29-Aug-12,15.16,15.30,14.91,15.23,69680
28-Aug-12,15.07,15.22,15.00,15.16,757451
27-Aug-12,15.25,15.27,15.01,15.08,163274
24-Aug-12,15.16,15.42,15.15,15.24,131370
23-Aug-12,15.64,15.64,15.15,15.20,132322
22-Aug-12,15.45,15.80,15.25,15.69,294014
21-Aug-12,15.33,15.52,15.21,15.52,1051719
20-Aug-12,15.46,15.46,15.17,15.33,93773
17-Aug-12,15.69,15.84,15.45,15.52,196406
16-Aug-12,15.34,15.78,15.33,15.75,190073
15-Aug-12,15.02,15.48,15.02,15.44,158916
14-Aug-12,15.47,15.49,15.00,15.06,271647
13-Aug-12,15.47,15.52,14.87,15.38,219754
10-Aug-12,15.53,15.60,15.40,15.53,49145
9-Aug-12,15.43,15.86,15.33,15.54,204555
8-Aug-12,15.43,15.58,15.42,15.58,208328
7-Aug-12,15.50,15.51,15.46,15.50,219742
6-Aug-12,15.50,15.55,15.36,15.49,472426
3-Aug-12,15.83,16.13,15.35,15.48,934285
2-Aug-12,17.23,17.52,15.32,15.81,1969297
1-Aug-12,19.48,19.50,19.20,19.26,162651
31-Jul-12,19.13,19.75,19.12,19.40,152880
30-Jul-12,19.69,19.70,19.09,19.17,73231
27-Jul-12,19.12,19.76,19.00,19.67,250593
26-Jul-12,19.51,19.51,19.02,19.03,235088
25-Jul-12,19.01,19.76,18.97,19.25,552966
24-Jul-12,18.80,19.06,18.50,19.00,293298
23-Jul-12,19.05,19.28,18.89,19.05,180397
20-Jul-12,19.78,19.78,19.14,19.32,59051
19-Jul-12,20.00,20.32,19.03,19.92,200451
18-Jul-12,19.92,20.20,19.91,20.11,70658
17-Jul-12,19.68,20.18,19.38,20.02,109151
16-Jul-12,19.33,20.14,19.17,19.65,228280
13-Jul-12,19.35,19.50,19.21,19.45,291992
12-Jul-12,19.16,19.56,19.15,19.27,362529
11-Jul-12,19.56,19.58,19.10,19.31,370352
10-Jul-12,20.07,20.19,19.47,19.56,80434
9-Jul-12,20.44,20.44,19.64,19.91,100975
6-Jul-12,20.89,21.18,20.41,20.46,134649
5-Jul-12,20.73,21.58,20.73,21.15,94488
3-Jul-12,20.30,20.89,20.30,20.82,55918
2-Jul-12,20.00,20.39,19.78,20.34,197559
29-Jun-12,19.59,20.04,19.36,20.04,205257
28-Jun-12,19.55,19.57,19.14,19.24,197174
27-Jun-12,19.78,20.17,19.45,19.72,135160
26-Jun-12,19.17,20.08,19.10,19.72,203648
25-Jun-12,19.21,19.56,19.02,19.16,394847
22-Jun-12,20.07,20.45,19.50,19.85,3617950
21-Jun-12,20.04,20.10,19.68,20.09,418256
20-Jun-12,20.03,20.29,19.47,20.00,114637
19-Jun-12,20.46,20.99,19.65,19.98,374494
18-Jun-12,19.40,20.74,19.35,20.42,221543
15-Jun-12,19.54,19.69,19.24,19.50,468820
14-Jun-12,19.43,19.77,19.39,19.63,213124
13-Jun-12,19.91,19.91,19.19,19.44,126313
12-Jun-12,20.01,20.29,19.83,19.95,209734
11-Jun-12,20.69,20.91,19.86,19.92,346810
8-Jun-12,19.93,21.34,19.81,20.31,539548
7-Jun-12,19.92,20.00,19.39,20.00,142842
6-Jun-12,19.21,19.84,19.21,19.67,68421
5-Jun-12,19.11,19.27,19.08,19.10,240960
4-Jun-12,19.07,19.27,19.01,19.20,358904
1-Jun-12,19.46,19.54,18.92,19.01,569171
31-May-12,20.39,20.63,19.51,19.80,328019
30-May-12,20.38,20.74,20.21,20.40,245799
29-May-12,20.70,21.00,20.45,20.54,259837
25-May-12,19.88,20.97,19.77,20.61,289273
24-May-12,19.71,19.84,19.49,19.84,119632
23-May-12,19.65,19.73,19.33,19.73,250858
22-May-12,19.72,19.89,19.64,19.79,286190
21-May-12,19.35,19.98,19.30,19.69,360408
18-May-12,19.94,19.94,19.00,19.35,735426
17-May-12,20.00,20.12,19.71,19.94,435787
16-May-12,20.53,20.55,19.70,19.98,457505
15-May-12,21.51,21.55,20.25,20.31,315973
14-May-12,21.78,21.80,21.37,21.51,329478
11-May-12,21.56,22.06,21.50,22.03,398778
10-May-12,21.61,21.95,21.43,21.74,523123
9-May-12,21.46,21.74,21.20,21.46,551106
8-May-12,21.80,22.02,21.51,21.71,315133
7-May-12,21.55,22.14,21.51,22.02,317839
4-May-12,21.57,21.80,21.55,21.63,76994
3-May-12,21.97,22.10,21.55,21.80,92081
2-May-12,21.89,22.46,21.89,22.03,191915
1-May-12,22.19,22.30,21.97,22.00,488924
30-Apr-12,21.60,22.60,21.51,22.08,216088
27-Apr-12,20.46,21.93,20.46,21.61,344586
26-Apr-12,21.46,21.58,21.38,21.53,190632
25-Apr-12,21.80,21.80,21.20,21.54,113903
24-Apr-12,21.54,21.75,21.46,21.54,71063
23-Apr-12,21.32,21.60,21.06,21.40,186941
20-Apr-12,21.65,21.73,21.31,21.45,392726
19-Apr-12,21.71,21.74,21.42,21.60,227130
18-Apr-12,21.64,21.95,21.49,21.86,397582
17-Apr-12,21.75,21.85,21.48,21.64,291553
16-Apr-12,21.49,22.10,21.32,21.55,326856
13-Apr-12,21.71,21.85,21.35,21.54,333015
12-Apr-12,22.57,22.83,21.48,21.79,345264
11-Apr-12,21.31,21.99,21.31,21.60,334594
10-Apr-12,21.40,22.16,21.30,21.45,255332
9-Apr-12,21.35,22.12,21.15,21.46,199140
5-Apr-12,21.65,21.84,21.52,21.56,603151
4-Apr-12,21.07,21.68,21.00,21.53,452543
3-Apr-12,21.93,22.40,21.39,21.55,258621
2-Apr-12,21.30,22.40,21.00,21.73,788180
30-Mar-12,20.20,21.50,20.20,21.10,1110962
29-Mar-12,19.05,21.49,19.00,20.00,16532826
